{"cameraMode":{"drawMode":0,"name":"Shaded","section":"Shading Mode"},"sceneLighting":true,"audioPlay":false,"sceneViewState":{"m_AlwaysRefresh":false,"showFog":true,"showSkybox":true,"showFlares":true,"showImageEffects":true,"showParticleSystems":true,"showVisualEffectGraphs":true,"m_FxEnabled":true},"in2DMode":false,"pivot":{"x":12.571167945861817,"y":3.5858407020568849,"z":2.3734023571014406},"rotation":{"x":-0.11519253998994827,"y":0.6788322329521179,"z":-0.10906904190778732,"w":-0.7169474363327026},"size":0.8855006098747253,"orthographic":false}